"Title","URL","Date"
"Nasıl Microsoft MVP Olunur?","https://cengizyilmaz.net/nasil-microsoft-mvp-olunur/","5/24/2025 9:46:20 PM"
"CAA2000B / AADSTS500014 Outlook Hatası Nasıl Düzeltilir","https://cengizyilmaz.net/caa2000b-aadsts500014-outlook-hatasi-nasil-duzeltilir/","5/12/2025 4:00:15 PM"
"Exchange Server Schema Versiyonları","https://cengizyilmaz.net/exchange-server-schema-versiyonlari/","5/6/2025 2:38:33 PM"
"Active Directory Kullanıcı Fotoğrafını Windows Oturum Açma Görüntüsü Olarak Yapılandırma","https://cengizyilmaz.net/active-directory-kullanici-fotografini-windows-oturum-acma-goruntusu-olarak-yapilandirma/","4/25/2025 2:20:17 PM"
"Exchange Server Backup Report V3.0","https://cengizyilmaz.net/exchange-server-backup-report-v3-0/","4/24/2025 4:55:44 PM"
"Exchange Server Nisan 2025 Hotfix Güncellemesi Yayımlandı","https://cengizyilmaz.net/exchange-server-nisan-2025-hotfix-guncellemesi-yayimlandi/","4/18/2025 9:04:09 PM"
"Exchange Server Transaction Log Yönetimi ve Circular Logging","https://cengizyilmaz.net/exchange-server-transaction-log-yonetimi-ve-circular-logging/","4/15/2025 9:15:41 PM"
"DAG Witness Sunucusu Failed Durumu Nasıl Düzeltilir","https://cengizyilmaz.net/dag-witness-sunucusu-failed-durumu-nasil-duzeltilir/","3/10/2025 4:20:21 PM"
"This operation can only be performed by a manager of the group","https://cengizyilmaz.net/this-operation-can-only-be-performed-by-a-manager-of-the-group/","2/18/2025 3:01:55 PM"
"Exchange Server 2019 2025 H1 (CU15)","https://cengizyilmaz.net/exchange-server-2019-2025-h1-cu15/","2/11/2025 12:00:46 AM"
"Microsoft Store Nasıl Devre Dışı Bırakılır?","https://cengizyilmaz.net/microsoft-store-nasil-devre-disi-birakilir/","1/16/2025 3:47:57 PM"
"Exchange Server DAG Kurulumu","https://cengizyilmaz.net/exchange-server-dag-kurulumu/","12/18/2024 5:47:20 PM"
"Exchange Server ECP Kapatma","https://cengizyilmaz.net/exchange-server-ecp-kapatma/","12/18/2024 4:18:15 PM"
"Exchange Server&#8217;da Witness Server Yapılandırması","https://cengizyilmaz.net/exchange-serverda-witness-server-yapilandirmasi/","12/18/2024 1:50:09 PM"
"Administrator Hesabını Group Policy ile İsim Değiştirme","https://cengizyilmaz.net/administrator-hesabini-group-policy-ile-isim-degistirme/","12/9/2024 1:33:08 PM"
"Microsoft Teams’de Üçüncü Taraf Uygulamaları Engelleme","https://cengizyilmaz.net/microsoft-teamsde-ucuncu-taraf-uygulamalari-engelleme/","11/29/2024 1:24:19 PM"
"MSCommerce Modülü Kurulumu","https://cengizyilmaz.net/mscommerce-modulu-kurulumu/","11/23/2024 4:15:05 PM"
"SharePoint Online ve OneDrive External Sharing Report PowerShell","https://cengizyilmaz.net/sharepoint-online-ve-onedrive-external-sharing-report-powershell/","11/19/2024 1:01:44 PM"
"Exchange Server&#8217;da RFC Uyumlu Olmayan P2 FROM Header Tespiti","https://cengizyilmaz.net/exchange-serverda-rfc-uyumlu-olmayan-p2-from-header-tespiti/","11/13/2024 4:18:18 PM"
"Exchange Server November 2024 Security Update","https://cengizyilmaz.net/exchange-server-november-2024-security-update/","11/12/2024 9:37:54 PM"
"Exchange Server A Reboot From a Previous Installation Is Pending","https://cengizyilmaz.net/exchange-server-a-reboot-from-a-previous-installation-is-pending/","11/12/2024 9:28:17 PM"
"Microsoft Azure ve Microsoft 365 Tenant ID Bulma","https://cengizyilmaz.net/microsoft-azure-ve-microsoft-365-tenant-id-bulma/","11/9/2024 3:28:19 PM"
"Microsoft 365 için Yeni cloud.microsoft Domaini","https://cengizyilmaz.net/microsoft-365-icin-yeni-cloud-microsoft-domaini/","10/19/2024 5:13:25 PM"
"Microsoft 365 URL&#8217;leri ve IP Adres Listeleri","https://cengizyilmaz.net/microsoft-365-urlleri-ve-ip-adres-listeleri/","10/19/2024 5:04:24 PM"
"Exchange Online PowerShell&#8217;i Windows Terminale Ekleme","https://cengizyilmaz.net/exchange-online-powershelli-windows-terminale-ekleme/","10/15/2024 6:06:35 PM"
"Exchange Online PowerShell&#8217;e Bağlanma","https://cengizyilmaz.net/exchange-online-powershelle-baglanma/","10/15/2024 4:58:23 PM"
"Exchange Online PowerShell Modülü Yükleme","https://cengizyilmaz.net/exchange-online-powershell-modulu-yukleme/","10/15/2024 3:03:45 PM"
"Active Directory Golden Certificate","https://cengizyilmaz.net/active-directory-golden-certificate/","10/5/2024 5:20:40 PM"
"Hosted Exchange Nedir?","https://cengizyilmaz.net/hosted-exchange-nedir/","10/5/2024 4:46:40 PM"
"Exchange Server Automatic Mailbox Provisioning Nedir?","https://cengizyilmaz.net/exchange-server-automatic-mailbox-provisioning-nedir/","10/5/2024 4:32:47 PM"
"Exchange Online IPV6 Nasıl Etkinleştirilir","https://cengizyilmaz.net/exchange-online-ipv6-nasil-etkinlestirilir/","10/1/2024 10:31:31 PM"
"Microsoft 365 Domain Ekleme ve Domain Doğrulama","https://cengizyilmaz.net/microsoft-365-domain-ekleme-ve-domain-dogrulama/","10/1/2024 1:03:35 PM"
"Exchange Server Script Agent Etkinleştirme","https://cengizyilmaz.net/exchange-server-script-agent-etkinlestirme/","8/23/2024 3:39:55 PM"
"Exchange Server Script Agent","https://cengizyilmaz.net/exchange-server-script-agent/","8/23/2024 2:38:14 PM"
"Exchange Online Disclaimer (Yasal Uyarı) Oluşturma","https://cengizyilmaz.net/exchange-online-disclaimer-yasal-uyari-olusturma/","8/3/2024 5:32:16 PM"
"Windows&#8217;da Bozuk Update Zinciri Resetleme","https://cengizyilmaz.net/windowsda-bozuk-update-zinciri-resetleme/","7/23/2024 7:57:11 PM"
"SQL Server SA ile Oturum Açılmıyor","https://cengizyilmaz.net/sql-server-sa-ile-oturum-acilmiyor/","7/23/2024 5:50:09 PM"
"CrowdStrike Windows BSOD","https://cengizyilmaz.net/crowdstrike-windows-bsod/","7/19/2024 12:37:39 PM"
"İkinci Microsoft MVP Yenilenmesi ve Çift MVP Kategorisi","https://cengizyilmaz.net/ikinci-microsoft-mvp-yenilenmesi-ve-cift-mvp-kategorisi/","7/11/2024 3:50:14 PM"
"Active Directory&#8217;de Powershell ile Kullanıcı Adlarını Büyük Harfe Çevirme","https://cengizyilmaz.net/active-directoryde-powershell-ile-kullanici-adlarini-buyuk-harfe-cevirme/","5/9/2024 12:22:57 PM"
"Exchange Server Subscription Edition Duyuruldu","https://cengizyilmaz.net/exchange-server-subscription-edition-duyuruldu/","5/7/2024 6:43:00 PM"
"Exchange Server Nisan 2024 HotFix Yayımlandı","https://cengizyilmaz.net/exchange-server-nisan-2024-hotfix-yayimlandi/","4/23/2024 11:41:57 PM"
"FortiMail Anti-Spoofing Rules","https://cengizyilmaz.net/fortimail-anti-spoofing-rules/","4/13/2024 4:55:31 PM"
"Microsoft Graph API Modülü Nasıl Yüklenir","https://cengizyilmaz.net/microsoft-graph-api-modulu-nasil-yuklenir/","4/7/2024 7:46:08 PM"
"Microsoft 365 High Volume Email Genel Önizleme","https://cengizyilmaz.net/microsoft-365-high-volume-email-genel-onizleme/","4/1/2024 7:52:28 PM"
"Windows Update 0X80070463 Hatasının Çözümü","https://cengizyilmaz.net/windows-update-0x80070463-hatasinin-cozumu/","3/27/2024 8:15:04 PM"
"Exchange Server OWA Download Domains Kapatma","https://cengizyilmaz.net/exchange-server-owa-download-domains-kapatma/","3/15/2024 6:07:39 PM"
"Exchange Server Mart 2024 Security Update Yayımlandı!","https://cengizyilmaz.net/exchange-server-mart-2024-security-update-yayimlandi/","3/12/2024 9:39:27 PM"
"WslRegisterDistribution failed with error: 0x800701bc","https://cengizyilmaz.net/wslregisterdistribution-failed-with-error-0x800701bc/","3/10/2024 2:31:00 PM"
"Microsoft 365 Backup Nasıl Yapılandırılır?","https://cengizyilmaz.net/microsoft-365-backup-nasil-yapilandirilir/","2/25/2024 9:31:15 PM"
"Microsoft 365 Backup Nedir?","https://cengizyilmaz.net/microsoft-365-backup-nedir/","2/25/2024 9:31:04 PM"
"Exchange Server 2024 H1 (CU14) Güncellemesi Yayımlandı!","https://cengizyilmaz.net/exchange-server-2024-h1-cu14-guncellemesi-yayimlandi/","2/13/2024 9:27:37 PM"
"Exchange Online&#8217;da Toplantı Odaları Detayları Nasıl Gösterilir","https://cengizyilmaz.net/exchange-onlineda-toplanti-odalari-detaylari-nasil-gosterilir/","2/4/2024 3:20:01 PM"
"Windows Time Service Missing","https://cengizyilmaz.net/windows-time-service-missing/","1/23/2024 5:56:14 PM"
"Advanced Random Password: PowerShell Script","https://cengizyilmaz.net/advanced-random-password-powershell-script/","1/19/2024 1:23:07 PM"
"Microsoft Defender MAPS (Microsoft Active Protection Service) Etkinleştirme:GPO","https://cengizyilmaz.net/microsoft-defender-maps-microsoft-active-protection-service-etkinlestirmegpo/","1/17/2024 3:30:49 PM"
"Exchange Server&#8217;da Address Book Policy (ABP), Global Address List (GAL) ve Address List (AL) Nasıl Silinir?","https://cengizyilmaz.net/exchange-serverda-address-book-policy-abp-global-address-list-gal-ve-address-list-al-nasil-silinir/","1/16/2024 4:07:04 PM"
"Exchange Server&#8217;da Offline Address Book Nasıl Silinir","https://cengizyilmaz.net/exchange-serverda-offline-address-book-nasil-silinir/","1/15/2024 3:31:41 PM"
"Exchange Online Dynamic Distribution Groups","https://cengizyilmaz.net/exchange-online-dynamic-distribution-groups/","1/13/2024 7:20:02 PM"
"Azure Kubernetes Service (AKS) Nedir?","https://cengizyilmaz.net/azure-kubernetes-service-aks-nedir/","1/13/2024 4:06:30 PM"
"Exchange Server 2019 İçin Genel Destek Bitti: Mainstream Support Sonrası Roadmap","https://cengizyilmaz.net/exchange-server-2019-icin-genel-destek-bitti-mainstream-support-sonrasi-roadmap/","1/9/2024 8:10:37 PM"
"Azure AD (Entra ID) Single Sign On (SSO)","https://cengizyilmaz.net/azure-ad-entra-id-single-sign-on-sso/","12/24/2023 9:09:55 PM"
"Enable First Contact Safety Tip for Exchange Online","https://cengizyilmaz.net/enable-first-contact-safety-tip-for-exchange-online/","12/3/2023 2:17:00 PM"
"Enabling Azure AD Password Writeback and Self Service: A Step-by-Step Guide","https://cengizyilmaz.net/enabling-azure-ad-password-writeback-and-self-service-a-step-by-step-guide/","11/26/2023 12:35:12 PM"
"Exchange Online DKIM Nasıl Etkinleştirilir?","https://cengizyilmaz.net/exchange-online-dkim-nasil-etkinlestirilir/","11/16/2023 1:46:32 PM"
"Entra ID Connect (Azure AD Connect) Staging Mode","https://cengizyilmaz.net/entra-id-connect-azure-ad-connect-staging-mode/","11/15/2023 8:48:47 PM"
"GMSA (Group Managed Service Accounts) Nedir ve Nasıl Yapılandırılır?","https://cengizyilmaz.net/gmsa-group-managed-service-accounts-nedir-ve-nasil-yapilandirilir/","11/15/2023 2:52:13 PM"
"GPO: Allow Anonymous SID/Name Translation","https://cengizyilmaz.net/gpo-allow-anonymous-sid-name-translation/","11/15/2023 1:47:04 PM"
"Exchange Server Kasım Security Update Yayımlandı","https://cengizyilmaz.net/exchange-server-kasim-security-update-yayimlandi/","11/14/2023 9:21:32 PM"
"Windows Server 2022&#8217;de Azure Arc Entegrasyonu: Azure ARC Kaldırma Yöntemi","https://cengizyilmaz.net/windows-server-2022de-azure-arc-entegrasyonu-azure-arc-kaldirma-yontemi/","11/11/2023 5:47:04 PM"
"Windows&#8217;taki New Outlook Erişimini Etkinleştirme veya Devre Dışı Bırakma","https://cengizyilmaz.net/windowstaki-new-outlook-erisimini-etkinlestirme-veya-devre-disi-birakma/","10/27/2023 9:07:41 PM"
"Exchange Server ve ReFS","https://cengizyilmaz.net/exchange-server-ve-refs-kullanimi/","10/8/2023 3:18:54 PM"
"Microsoft 365 Group Bazlı Lisanslama","https://cengizyilmaz.net/microsoft-365-group-bazli-lisanslama/","10/2/2023 9:27:50 AM"
"Entra ID Connect (Azure AD Connect) Sync vs Azure AD Connect Cloud Sync","https://cengizyilmaz.net/entra-id-connect-azure-ad-connect-sync-vs-azure-ad-connect-cloud-sync/","9/29/2023 1:41:32 PM"
"Microsoft Entra Connect V1 Destek Dışı Kalıyor!","https://cengizyilmaz.net/microsoft-entra-connect-v1-destek-disi-kaliyor/","9/29/2023 1:17:15 PM"
"Exchange Online DNSSEC ile Gelen SMTP Dane Duyurusu","https://cengizyilmaz.net/exchange-online-dnssec-ile-gelen-smtp-dane-duyurusu/","9/28/2023 11:37:52 AM"
"Exchange Online Send As Yetkisi PowerShell","https://cengizyilmaz.net/exchange-online-send-as-yetkisi-powershell/","9/26/2023 12:13:49 PM"
"Exchange Server&#8217;da HSTS Yapılandırması","https://cengizyilmaz.net/exchange-server-2016-ve-2019da-hsts-yapilandirmasi/","9/23/2023 7:14:06 PM"
"Exchange Online, Eski Exchange Server’lardan E-posta Engelleme ve Raporlama İşlemlerini Başlatıyor","https://cengizyilmaz.net/exchange-online-eski-exchange-serverlardan-e-posta-engelleme-ve-raporlama-islemlerini-baslatiyor/","9/22/2023 11:35:20 AM"
"Exchange Online&#8217;da EWS Artık Yenilenmeyecek ve Desteklenmeyecek","https://cengizyilmaz.net/exchange-onlineda-ews-artik-yenilenmeyecek-ve-desteklenmeyecek/","9/19/2023 8:33:19 PM"
"Exchange Server 2016/2019 Antivirüs","https://cengizyilmaz.net/exchange-server-2016-2019-antivirus/","9/13/2023 8:26:50 PM"
"Exchange Management Console – Attempt to connect to http://server.domain.com/PowerShell using “Kerberos” authentication failed","https://cengizyilmaz.net/exchange-management-console-attempt-to-connect-to-http-server-domain-com-powershell-using-kerberos-authentication-failed/","9/7/2023 9:51:55 AM"
"Exchange Server 2019 TLS 12 Yapılandırılması","https://cengizyilmaz.net/exchange-server-2019-tls-1-2-yapilandirilmasi/","9/3/2023 7:14:37 PM"
"Securing Exchange Server 2019 with TLS Protocols","https://cengizyilmaz.net/securing-exchange-server-2019-with-tls-protocols/","9/3/2023 7:07:01 PM"
"Exchange Server TLS Yapılandırılması","https://cengizyilmaz.net/exchange-server-tls-yapilandirilmasi/","9/3/2023 5:08:11 PM"
"How to Change eDiscovery PST Export Limit in Exchange Server (Exchange Online)","https://cengizyilmaz.net/how-to-change-ediscovery-pst-export-limit-in-exchange-server-exchange-online/","9/3/2023 4:31:57 PM"
"Microsoft Exchange Server Now Officially Supports HTTP Strict Transport Security (HSTS)","https://cengizyilmaz.net/microsoft-exchange-server-now-officially-supports-http-strict-transport-security-hsts/","8/29/2023 8:05:17 PM"
"Windows Active Directory Certificte Services (AD CS) Nedir ve Migration İşlemleri","https://cengizyilmaz.net/windows-active-directory-certificte-services-ad-cs-nedir-ve-migration-islemleri/","8/29/2023 5:46:16 PM"
"Understanding the Discrepancies Between Exchange Mailbox Sizes and Exported PST File Sizes","https://cengizyilmaz.net/understanding-the-discrepancies-between-exchange-mailbox-sizes-and-exported-pst-file-sizes/","8/29/2023 1:37:29 PM"
"Enabling Extended Protection in Exchange Server 2019 CU14 Default","https://cengizyilmaz.net/enabling-extended-protection-in-exchange-server-2019-cu14-default/","8/29/2023 10:54:31 AM"
"Recreate Azure AD ‘Local’ AD Connector","https://cengizyilmaz.net/recreate-azure-ad-local-ad-connector/","8/26/2023 10:56:22 AM"
"Exchange Server Backup Report V2.0","https://cengizyilmaz.net/exchange-server-backup-report-v2-0/","8/16/2023 3:30:03 PM"
"Microsoft Exchange Server: Microsoft Exchange Approval Assistant","https://cengizyilmaz.net/microsoft-exchange-server-microsoft-exchange-approval-assistant/","8/2/2023 3:53:24 PM"
"Microsoft MVP Olma Serüvenim","https://cengizyilmaz.net/microsoft-mvp-olma-seruvenim/","7/9/2023 9:54:50 AM"
"Alternate Witness Server for Exchange Server","https://cengizyilmaz.net/alternate-witness-server-for-exchange-server/","7/2/2023 1:53:10 PM"
"OneDrive Personal File Exclusion","https://cengizyilmaz.net/onedrive-personal-file-exclusion/","6/30/2023 11:31:07 AM"
"Exchange install keeps prompting for reboot before installing a CU","https://cengizyilmaz.net/exchange-install-keeps-prompting-for-reboot-before-installing-a-cu/","6/25/2023 9:54:28 PM"
"Exchange Server, Office Online Server (OOS) Nedir, Nasıl Kurulur?","https://cengizyilmaz.net/exchange-server-office-online-server-oos-nedir-nasil-kurulur/","6/24/2023 10:07:16 PM"
"“Domain join processes may fail with error “0xaac (2732)” Domaine Yeniden Dahil Olma Sorunu Nasıl Çözülür?","https://cengizyilmaz.net/domain-join-processes-may-fail-with-error-0xaac-2732-domaine-yeniden-dahil-olma-sorunu-nasil-cozulur/","6/24/2023 8:27:07 PM"
"Save Sent Items in Shared Mailbox Sent Items folder","https://cengizyilmaz.net/save-sent-items-in-shared-mailbox-sent-items-folder/","6/20/2023 8:41:09 PM"
"Exchange Online Soft-Match","https://cengizyilmaz.net/exchange-online-soft-match/","6/19/2023 6:52:11 PM"
"Azure Bastion Nedir ve Nasıl Çalışır?","https://cengizyilmaz.net/azure-bastion-nedir-ve-nasil-calisir/","6/18/2023 10:31:58 PM"
"Exchange Server AD Server Settings","https://cengizyilmaz.net/exchange-server-ad-server-settings/","6/15/2023 12:25:57 PM"
"Exchange Server DAC Mode","https://cengizyilmaz.net/exchange-server-dac-mode/","6/12/2023 9:27:16 PM"
"Exchange Server Send Connector You must Specify at Least One Source Server","https://cengizyilmaz.net/exchange-server-send-connector-you-must-specify-at-least-one-source-server/","6/10/2023 4:00:38 PM"
"PowerShell Script ile Exchange Server Veritabanı ve Posta Kutusu Yönetimi (Script)","https://cengizyilmaz.net/powershell-script-ile-exchange-server-veritabani-ve-posta-kutusu-yonetimi-script/","6/9/2023 1:33:43 PM"
"Exchange Server ve ActiveSync Teknolojisi","https://cengizyilmaz.net/exchange-server-ve-activesync-teknolojisi/","6/8/2023 8:28:02 PM"
"Exchange Server&#8217;da AutoReseed","https://cengizyilmaz.net/exchange-serverda-autoreseed-yapilandirma-rehberi/","6/5/2023 5:14:44 PM"
"Moving the Primary Active Manager Role in Exchange Server","https://cengizyilmaz.net/moving-the-primary-active-manager-role-in-exchange-server/","6/4/2023 8:45:20 PM"
"Exchange Server Active Manager Nedir?","https://cengizyilmaz.net/exchange-server-active-manager-nedir/","6/3/2023 6:37:12 PM"
"Exchange Server AutoReseed Nedir?","https://cengizyilmaz.net/exchange-server-autoreseed-nedir/","6/2/2023 1:51:43 PM"
"Group Policy Loopback Processing Nedir?","https://cengizyilmaz.net/group-policy-loopback-processing-nedir/","6/1/2023 3:42:26 PM"
"MICROSOFT.MAPI.MAPIEXCEPTIONMAILBOXQUARANTINED WHILE LOGON INTO THE MAILBOX","https://cengizyilmaz.net/microsoft-mapi-mapiexceptionmailboxquarantined-while-logon-into-the-mailbox/","5/30/2023 7:28:22 PM"
"Install Remote Differential Compression BITS for ConfigMgr","https://cengizyilmaz.net/install-remote-differential-compression-bits-for-configmgr/","5/27/2023 5:59:47 PM"
"Azure Resource Group Nedir?","https://cengizyilmaz.net/azure-resource-group-nedir/","5/27/2023 1:20:42 PM"
"Exchange Server Mailbox Distribution Script","https://cengizyilmaz.net/exchange-server-mailbox-distribution-script/","5/26/2023 11:07:46 AM"
"Exchange Server PreferenceMoveFrequency","https://cengizyilmaz.net/exchange-server-preferencemovefrequency/","5/22/2023 12:45:33 PM"
"Microsoft Azure Arc: Hybrid and Multi-Cloud Management","https://cengizyilmaz.net/microsoft-azure-arc-hybrid-and-multi-cloud-management/","5/16/2023 8:38:34 PM"
"RDS Farm Security","https://cengizyilmaz.net/rds-farm-security/","5/15/2023 7:57:11 PM"
"Exchange Server Client Access Server Information Disclosure","https://cengizyilmaz.net/exchange-server-client-access-server-information-disclosure/","5/11/2023 3:57:06 PM"
"Hybrid Exchange Deployment Trainer","https://cengizyilmaz.net/hybrid-exchange-deployment-trainer/","5/6/2023 6:38:37 PM"
"How to Restore Connection After Accidentally Disabled NIC on Azure VM","https://cengizyilmaz.net/how-to-restore-connection-after-accidentally-disabled-nic-on-azure-vm/","5/3/2023 10:46:43 PM"
"Microsoft IIS Tilde Vulnerability","https://cengizyilmaz.net/microsoft-iis-tilde-vulnerability/","5/3/2023 3:57:39 PM"
"How to Convert User Mailbox to Shared Mailbox","https://cengizyilmaz.net/how-to-convert-user-mailbox-to-shared-mailbox/","5/1/2023 3:38:38 PM"
"GPO SMB Signing Configuration","https://cengizyilmaz.net/gpo-smb-signing-configuration/","4/30/2023 1:29:38 PM"
"Azure SQL Password Reset","https://cengizyilmaz.net/azure-sql-password-reset/","4/29/2023 4:54:19 PM"
"&#8220;NoSupportException&#8221; Error When Accessing Mailbox on Newly Created Database in Exchange Server","https://cengizyilmaz.net/nosupportexception-error-when-accessing-mailbox-on-newly-created-database-in-exchange-server/","4/28/2023 9:07:51 PM"
"Microsoft Teams Adds Explicit Consent for Recorded Meetings","https://cengizyilmaz.net/microsoft-teams-adds-explicit-consent-for-recorded-meetings/","4/18/2023 9:27:44 PM"
"Restore Deleted AAD User from Azure Active Directory","https://cengizyilmaz.net/restore-deleted-aad-user-from-azure-active-directory/","4/5/2023 8:46:43 PM"
"How to Disable NetBIOS and LLMNR Protocol","https://cengizyilmaz.net/how-to-disable-netbios-and-llmnr-protocol/","4/4/2023 7:07:44 PM"
"SCCM için Güncelleme Periyotlarında Değişiklik","https://cengizyilmaz.net/sccm-icin-guncelleme-periyotlarinda-degisiklik/","4/4/2023 9:55:11 AM"
"Idle session timeout for Microsoft 365","https://cengizyilmaz.net/idle-session-timeout-for-microsoft-365/","4/3/2023 6:52:23 PM"
"CNAME Validation Error in Intune Admin Portal (Fix)","https://cengizyilmaz.net/cname-validation-error-in-intune-admin-portal-fix/","4/3/2023 9:41:29 AM"
"Azure VM ve Admin Parolası Nasıl Resetlenir?","https://cengizyilmaz.net/how-to-reset-rdp-and-admin-password-azure-vm/","4/2/2023 4:05:19 PM"
"Exchange Server Backup Report PowerShell","https://cengizyilmaz.net/exchange-server-backup-report-powershell/","4/2/2023 10:55:08 AM"
"Azure Front Door Nedir? Nerelerde Kullanılır?","https://cengizyilmaz.net/azure-front-door-nedir-nerelerde-kullanilir/","4/1/2023 8:03:31 PM"
"Exchange Server Active Directory Üzerinden Nasıl Kaldırılır? Remove Exchange Server from Active Directory","https://cengizyilmaz.net/exchange-server-active-directory-uzerinden-nasil-kaldirilir-remove-exchange-server-from-active-directory/","3/30/2023 1:31:28 PM"
"Remote Desktop Services Dynamic Fair Share","https://cengizyilmaz.net/checking-the-status-of-dynamic-fair-share/","3/22/2023 9:08:36 PM"
"A User Account Restriction Is Preventing You From Logging On","https://cengizyilmaz.net/a-user-account-restriction-is-preventing-you-from-logging-on/","3/19/2023 5:39:11 PM"
"Exchange Server DAG Witness Failed State","https://cengizyilmaz.net/exchange-server-dag-witness-failed-state/","3/16/2023 4:02:31 PM"
"Exchange Server CU Setup Cannot Stop Service due to Access Denied","https://cengizyilmaz.net/exchange-server-cu-setup-cannot-stop-service-due-to-access-denied/","3/14/2023 3:28:00 PM"
"Active Directory Computer Account for this Workstation Trust Relationship","https://cengizyilmaz.net/security-database-on-the-server-does-not-have-a-computer-account-for-this-workstation-trust-relationship/","3/12/2023 4:59:25 PM"
"Active Directory Replication ve FSMO Role Scripti","https://cengizyilmaz.net/active-directory-replication-test-script/","3/11/2023 8:14:49 PM"
"Exchange Server Sent/Receive Report","https://cengizyilmaz.net/exchange-server-sent-receive-report/","3/6/2023 12:29:27 PM"
"Add Active Directory Users to the Group in Bulk","https://cengizyilmaz.net/add-active-directory-users-to-the-group-in-bulk/","3/2/2023 1:36:24 PM"
"Exchange Online Outbound Spam ve Phishing Politikası","https://cengizyilmaz.net/how-to-manage-outbound-spam-policy-exchange-online/","2/28/2023 6:38:22 PM"
"LAPS Kurulum ve Yapılandırma","https://cengizyilmaz.net/laps-dagitim-ve-yapilandirma/","2/27/2023 2:22:22 PM"
"Exchange Server Antivirus Exclusion has Been Updated","https://cengizyilmaz.net/the-list-of-exchange-server-antivirus-exclusion-has-been-updated/","2/24/2023 12:21:23 PM"
"Windows Server 2019/2022&#8217;de RDS Performans Sorunları","https://cengizyilmaz.net/windows-server-2019-2022de-rds-performans-sorunlari/","2/23/2023 2:01:51 PM"
"Windows 10 Computer to Microsoft 365 Code: 80180014","https://cengizyilmaz.net/error-connecting-windows-10-computer-to-microsoft-365-code-80180014/","2/21/2023 4:07:11 PM"
"Exchange Server Mailbox Quota Notification","https://cengizyilmaz.net/exchange-server-quota-notification/","2/18/2023 2:56:47 PM"
"Exchange Server February 2023 Güncellemesini Windows Update İle Yüklemeyin","https://cengizyilmaz.net/exchange-server-february-2023-guncellemesini-windows-update-ile-yuklemeyin/","2/15/2023 2:51:41 PM"
"Active Directory &#8220;Protected Users&#8221;","https://cengizyilmaz.net/active-directory-protected-users/","2/12/2023 2:41:33 PM"
"RDS Session Limits","https://cengizyilmaz.net/rds-session-limits/","2/11/2023 3:52:50 PM"
"Active Directory Saat Senkronizasyonu (NTP Sync)","https://cengizyilmaz.net/domain-controller-saat-senkronizasyonu-ntp-sync/","2/9/2023 3:08:53 PM"
"Exchange Server&#8217;da Yinelenen SMTP Adresleri Nasıl Bulunur?","https://cengizyilmaz.net/exchange-serverda-yinelenen-yinelene-adres-bulma-smtp/","2/4/2023 9:58:16 PM"
"Cloud Expert Eğitimi","https://cengizyilmaz.net/cloud-expert-egitimi/","1/28/2023 8:18:23 PM"
"Exchange Server Bulk Delete Content (Import CSV)","https://cengizyilmaz.net/exchange-server-delete-content-import-csv/","1/24/2023 4:49:20 PM"
"Exchange Server Internal Transport Certificate","https://cengizyilmaz.net/new-internal-transport-certificate/","1/21/2023 7:47:44 PM"
"Exchange Server Certificate Signing of PowerShell Serialization Payload Etkinleştirme","https://cengizyilmaz.net/exchange-server-certificate-signing-of-powershell-serialization-payload-etkinlestirme/","1/20/2023 7:06:34 PM"
"Exchange Server Monitor Exchange Auth Certificate","https://cengizyilmaz.net/exchange-server-monitor-exchange-auth-certificate/","1/19/2023 6:56:25 PM"
"Exchange Online TLS Endpoints POP3/IMAP","https://cengizyilmaz.net/exchange-online-tls-endpoints-pop3-imap/","1/18/2023 7:05:14 PM"
"Failover Clusters Quarantine Mode","https://cengizyilmaz.net/failover-clusters-quarantine-mode/","1/17/2023 7:22:16 PM"
"Rebalance Databases Exchange Server DAG","https://cengizyilmaz.net/rebalance-databases-exchange-server-dag/","1/16/2023 9:01:37 PM"
"How to Maintenance Mode Exchange Server?","https://cengizyilmaz.net/how-to-maintenance-mode-exchange-server/","1/15/2023 8:00:32 PM"
"Move for Database  Was Suppressed Because Too Many Moves Have Happened Recently","https://cengizyilmaz.net/move-for-database-was-suppressed-because-too-many-moves-have-happened-recently/","1/14/2023 6:41:33 PM"
"Exchange Server January 2023 Security Update","https://cengizyilmaz.net/exchange-server-january-2023-security-update/","1/10/2023 10:20:56 PM"
"Office 365 Uygulamalarını Remote Desktop Service (RDS) Yükleme","https://cengizyilmaz.net/how-to-activate-microsoft-365-on-a-remote-desktop-server/","1/4/2023 3:00:24 PM"
"Exchange Online SPF, DMARC, DKIM/DKIM2 Kayıtlarını Etkinleştirme","https://cengizyilmaz.net/exchange-online-spf-dmarc-dkim-dkim2-kayitlarini-etkinlestirme/","1/1/2023 6:12:07 PM"
"Active Directory Domain Services Unable To Establish A Connection With Global Catalog","https://cengizyilmaz.net/active-directory-domain-services-unable-to-establish-a-connection-with-global-catalog/","12/30/2022 8:42:40 PM"
"Exchange Server ActiveSync Limit Change","https://cengizyilmaz.net/exchange-server-activesync-message-size-limit-change/","12/29/2022 12:10:10 PM"
"Exchange Server Distribution Group Rapor","https://cengizyilmaz.net/exchange-server-distribution-group-rapor/","12/8/2022 12:03:11 PM"
"Active Directory Geri Dönüşüm Kutusu Nasıl Etkinleştirilir? How to Enable Active Directory Recycle Bin","https://cengizyilmaz.net/how-to-enable-active-directory-recycle-bin/","11/26/2022 8:23:26 PM"
"Exchange Server Well-Known Object Entry Install Error","https://cengizyilmaz.net/exchange-server-well-known-object-entry-install-error/","11/26/2022 7:13:13 PM"
"Exchange Server&#8217;da E-Posta Arama ve Silme(Remove Mail Items)","https://cengizyilmaz.net/exchange-server-deletecontent-remove-mail-items/","11/24/2022 8:36:32 PM"
"Exchange Server Queues Back Up Cecause Of Incorrect Default Value","https://cengizyilmaz.net/exchange-server-queues-back-up-cecause-of-incorrect-default-value/","11/20/2022 12:55:54 PM"
"Azure AD Grup Üyeleri Gizleme","https://cengizyilmaz.net/azure-ad-grup-uyeleri-gizleme/","11/19/2022 9:12:55 PM"
"Exchange Server: Event ID 9646: Mapi Session Exceeded the Maximum Objects","https://cengizyilmaz.net/exchange-server-event-id-9646-mapi-session-exceeded-the-maximum-objects/","11/18/2022 7:49:53 PM"
"Exchange <em>441 4.4.1 Error encountered while communicating</em><em>with primary target IP address: „421 4.4.2 Connection dropped due to SocketError.“</em><em>Attempted failover to alternate host, but that did not succeed. </em>","https://cengizyilmaz.net/exchange-441-4-4-1-error-encountered-while-communicatingwith-primary-target-ip-address-421-4-4-2-connection-dropped-due-to-socketerror-attempted-failover-to-alternate-host-but-that/","11/17/2022 4:49:58 PM"
"Exchange Server: Send-As Problem 4003 (INSUFF_ACCESS_RIGHTS)","https://cengizyilmaz.net/exchange-server-send-as-problem-4003-insuff_access_rights/","11/16/2022 7:13:36 PM"
"Remote Desktop Services Environment","https://cengizyilmaz.net/remote-desktop-environment-property/","11/15/2022 7:50:04 PM"
"421 4.3.2 The MaximumNumber of Concurrent Connections has Exceeded a Limit, Closing Transmission Channel?","https://cengizyilmaz.net/421-4-3-2-the-maximumnumber-of-concurrent-connections-has-exceeded-a-limit-closing-transmission-channel/","11/14/2022 8:30:05 PM"
"Active Directory Snapshot","https://cengizyilmaz.net/active-directory-snapshot/","11/11/2022 7:14:16 PM"
"Microsoft Viva Brifing Bildirimlerini Kapatma","https://cengizyilmaz.net/microsoft-viva-brifing-bildirimlerini-kapatma/","11/10/2022 4:27:36 PM"
"Exchange Server November Security Update: Fix CVE-2022-41040 &#8211; CVE-2022-41082","https://cengizyilmaz.net/exchange-server-november-security-update-fix-cve-2022-41040-cve-2022-41082/","11/8/2022 11:34:36 PM"
"SCOM Agent Proxy NOT Enabled","https://cengizyilmaz.net/scom-agent-proxy-not-enabled/","11/6/2022 7:21:11 PM"
"Exchange Online&#8217;da Her Yere İmza Eşitleme","https://cengizyilmaz.net/exchange-onlineda-her-yere-imza-esitleme/","11/2/2022 7:42:15 PM"
"CLIUSR Certificate Renew","https://cengizyilmaz.net/cliusr-certificate-renew/","11/1/2022 11:52:00 AM"
"Microsoft KB5020276 Netjoin Domain join hardening changes","https://cengizyilmaz.net/microsoft-kb5020276-netjoin-domain-join-hardening-changes/","10/29/2022 1:05:24 PM"
"Exchange Server Download Domain CVE-2021-1730 Yapılandırılması","https://cengizyilmaz.net/exchange-server-download-domain-cve-2021-1730-yapilandirilmasi/","10/25/2022 1:15:06 PM"
"Exchange Server reCAPTCHA Uygulaması","https://cengizyilmaz.net/exchange-server-recaptcha-uygulamasi/","10/23/2022 9:08:29 PM"
"Windows 7 ile Exchange Server 2019 Bağlantısı","https://cengizyilmaz.net/windows-7-ile-exchange-server-2019-baglantisi/","10/21/2022 4:12:28 PM"
"Microsoft Intune 03 &#8211; 17 September Release","https://cengizyilmaz.net/microsoft-intune-03-17-september-release/","10/20/2022 4:54:48 PM"
"Windows Server RDS Temp We can’t sign into your account","https://cengizyilmaz.net/windows-server-2019-rds-temp-profile/","10/18/2022 1:15:51 PM"
"Exchange Server 2016 ve 2019 TLS Certificate Name Receive Connector","https://cengizyilmaz.net/exchange-server-2016-ve-2019-tls-certificate-name-receive-connector/","10/16/2022 5:53:23 PM"
"Exchange Server: An Incomplete Installation Was Detected","https://cengizyilmaz.net/exchange-server-an-incomplete-installation-was-detected/","10/15/2022 5:37:01 PM"
"Office 2013 Modern Authentication Enabled","https://cengizyilmaz.net/office-2013-modern-authentication-enabled/","10/14/2022 4:20:48 PM"
"October 2022 Exchange Server Security Updates","https://cengizyilmaz.net/october-2022-exchange-server-security-updates/","10/11/2022 9:22:19 PM"
"Exchange Server Cannot save changes made to an item to store. QuotaExceededException","https://cengizyilmaz.net/exchange-servercannot-save-changes-made-to-an-item-to-store-quotaexceededexception/","10/10/2022 9:55:22 AM"
"Outlook Otomatik Kapanıyor","https://cengizyilmaz.net/outlook-otomatik-kapaniyor/","10/9/2022 6:41:02 PM"
"Exchange Server Password Spray","https://cengizyilmaz.net/exchange-server-password-spray/","10/8/2022 3:24:30 PM"
"Exchange Server Local DNS Kaydetme","https://cengizyilmaz.net/exchange-server-local-dns-kaydetme/","10/8/2022 1:56:07 PM"
"OWA Public ve Private Computer Özelliği","https://cengizyilmaz.net/owa-public-ve-private-computer-ozelligi/","10/7/2022 4:44:30 PM"
"Exchange Server Remote PowerShell Engelleme","https://cengizyilmaz.net/exchange-server-remote-powershell-blocking/","10/4/2022 9:12:30 PM"
"Exchange Server RCE Zero Day Updates","https://cengizyilmaz.net/exchange-server-rce-zero-day-updates/","10/4/2022 8:45:20 PM"
"Microsoft 365 Quarantine Mail Report Notification","https://cengizyilmaz.net/microsoft-365-quarantine-mail-report-notification/","10/4/2022 1:42:09 PM"
"Exchange Server On-premises Mitigation Tool v2","https://cengizyilmaz.net/exchange-server-on-premises-mitigation-tool-v2/","10/1/2022 3:51:29 PM"
"Exchange Server&#8217;da Yeni Zero Day","https://cengizyilmaz.net/exchange-serverda-yeni-zero-day/","9/30/2022 3:20:35 PM"
"Exchange Server AutoActivationPolicy","https://cengizyilmaz.net/exchange-server-autoactivationpolicy/","9/28/2022 2:30:29 PM"
"Microsoft Teams Eylül Güncelleştirmeleri","https://cengizyilmaz.net/microsoft-teams-eylul-guncellestirmeleri/","9/26/2022 5:16:39 PM"
"Microsoft Intune Release 2209","https://cengizyilmaz.net/microsoft-intune-release-2209/","9/22/2022 5:31:43 PM"
"Microsoft Exchange Conference (MEC) 2022","https://cengizyilmaz.net/microsoft-exchange-conference-mec-2022/","9/22/2022 11:35:53 AM"
"Exchange Server 2019 Kurulumu","https://cengizyilmaz.net/msexchange-server-2019-kurulumu/","9/16/2022 1:14:57 PM"
"Active Directory ile Exchange Server Şema Kontrolü","https://cengizyilmaz.net/active-directory-ile-exchange-server-sema-kontrolu/","9/16/2022 11:48:23 AM"
"Configuration Manager Site to Site Sistemi İçin Önkoşullar","https://cengizyilmaz.net/configuration-manager-site-to-site-sistemi-icin-onkosullar/","9/15/2022 10:23:56 PM"
"iOS 16 Intune&#8217;da Sorun Yaşıyor","https://cengizyilmaz.net/ios-16-intuneda-sorun-yasiyor/","9/13/2022 8:56:13 PM"
"Can’t Sign in to Skype for Business","https://cengizyilmaz.net/cant-sign-in-to-skype-for-business/","9/12/2022 5:30:31 PM"
"Hosted Exchange Eğitimi 10.09.2022","https://cengizyilmaz.net/hosted-exchange-egitimi-10-09-2022/","9/10/2022 4:35:07 PM"
"Hybrid AD: failed to validate timestamp in computerIdentitydata","https://cengizyilmaz.net/hybrid-ad-failed-to-validate-timestamp-in-computeridentitydata/","9/6/2022 10:09:37 PM"
"Exchange Server&#8217;da Disk I/O İnceleme","https://cengizyilmaz.net/msexchange-serverda-disk-i-o-inceleme/","9/5/2022 8:38:03 PM"
"Microsoft Intune&#8217;da Linux Cihaz Desteği Dağıtılmaya Başlandı","https://cengizyilmaz.net/microsoft-intuneda-linux-cihaz-destegi-dagitilmaya-baslandi/","9/3/2022 2:29:53 PM"
"Modern Authentication Neleri Değiştirir","https://cengizyilmaz.net/modern-authentication-neleri-degistirir/","9/1/2022 5:59:43 PM"
"Azure AD Connect Cloud Sync Nedir?","https://cengizyilmaz.net/azure-ad-connect-cloud-sync-nedir/","8/31/2022 3:55:23 PM"
"Office 365 Mac, Parola Hatası","https://cengizyilmaz.net/office-365-mac-parola-hatasi/","8/31/2022 1:08:43 PM"
"Exchange Server Set-DatabaseAvailabilityGroup Nasıl Kullanılır?","https://cengizyilmaz.net/exchange-server-set-databaseavailabilitygroup-nasil-kullanilir/","8/27/2022 1:55:16 PM"
"Exchange Hybrid Configuration Wizard: Error 1603 &#8211; Connector Registration Failed","https://cengizyilmaz.net/exchange-hybrid-configuration-wizard-error-1603-connector-registration-failed/","8/24/2022 5:09:21 PM"
"Outlook: Mail, Takvim, Kişiler ve Diğer Modüller Tasarımı Değişti","https://cengizyilmaz.net/outlook-mail-takvim-kisiler-ve-diger-moduller-tasarimi-degisti/","8/23/2022 12:42:50 PM"
"SharePoint&#8217;te Retention Policy Nasıl Uygulanır?","https://cengizyilmaz.net/sharepointte-retention-policy-nasil-uygulanir/","8/21/2022 3:49:25 PM"
"MSExchange Server 4999 Error","https://cengizyilmaz.net/msexchange-server-4999-error/","8/21/2022 3:09:01 PM"
"MSExchange Server&#8217;da IcedID Yanıt Zinciri Ele Geçirme Saldırıları","https://cengizyilmaz.net/msexchange-serverda-icedid-yanit-zinciri-ele-gecirme-saldirilari/","8/21/2022 2:41:16 PM"
"Windows 365 Security","https://cengizyilmaz.net/windows-365-security/","8/21/2022 1:41:42 PM"
"Microsoft Graph Yeni Özellikler ve Görevler (Beta) API&#8217;si Kullanımdan Kaldırıldı","https://cengizyilmaz.net/microsoft-graph-yeni-ozellikler-ve-gorevler-beta-apisi-kullanimdan-kaldirildi/","8/17/2022 3:56:23 PM"
"Exchange Server Enabling a Disabled Mailbox Throwing","https://cengizyilmaz.net/enabling-a-disabled-mailbox-throwing/","8/16/2022 4:49:12 PM"
"OneDrive Sync Admin Yapılandırması","https://cengizyilmaz.net/onedrive-sync-admin-yapilandirmasi/","8/15/2022 5:22:57 PM"
"OneDrive vs SharePoint","https://cengizyilmaz.net/onedrive-mi-sharepoint-mi/","8/15/2022 12:11:12 PM"
"Office 365 Kimlik Avı Korunması","https://cengizyilmaz.net/office-365-kimlik-avi-korunmasi/","8/14/2022 2:29:29 PM"
"Teams Out Of Office Nasıl Ayarlanır","https://cengizyilmaz.net/teams-out-of-office-nasil-ayarlanir/","8/10/2022 10:42:43 PM"
"Ağustos 2022 Exchange Server Güvenlik Güncelleştirmeleri","https://cengizyilmaz.net/yayinlandi-agustos-2022-exchange-server-guvenlik-guncellestirmeleri/","8/9/2022 9:52:45 PM"
"Exchange Server Güvenlik Güncelleştirmesi ve Düzeltme Paketleri","https://cengizyilmaz.net/exchange-server-guvenlik-guncellestirmesi-ve-duzeltme-paketleri/","8/9/2022 9:45:59 PM"
"Microsoft Entra Verified ID Genel Kullanıma Sunuldu","https://cengizyilmaz.net/microsoft-entra-verified-id-genel-kullanima-sunuldu/","8/9/2022 9:03:43 PM"
"Search-AdminAuditLog: TLS 1.0 ve TLS 1.1","https://cengizyilmaz.net/search-adminauditlog-tls-1-0-ve-tls-1-1/","8/8/2022 5:26:08 PM"
"Exchange Server TCP Keep Alive Time","https://cengizyilmaz.net/exchange-server-tcp-keep-alive-time/","8/6/2022 2:24:11 PM"
"Microsoft 365 Compliance Center (Uyumluluk Merkezi)","https://cengizyilmaz.net/microsoft-365-compliance-center-uyumluluk-merkezi/","8/4/2022 7:34:12 PM"
"Microsoft 365 Defender: Conditional Access ile MFA Etkinleştirme","https://cengizyilmaz.net/microsoft-365-defender-conditional-access-ile-mfa-etkinlestirme/","7/30/2022 1:44:20 PM"
"Azure Sentinel Nedir?","https://cengizyilmaz.net/azure-sentinel-nedir/","7/30/2022 1:26:09 PM"
"Microsoft 365 Defender Secure Score Nedir?","https://cengizyilmaz.net/microsoft-365-defender-secure-score-nedir/","7/30/2022 1:18:45 PM"
"Outlook’ta .PST ve .OST Dosya Limiti Nasıl Değiştirilir","https://cengizyilmaz.net/outlookta-pst-ve-ost-dosya-limiti-nasil-degistirilir/","7/29/2022 8:52:45 PM"
"Exchange Server&#8217;da Posta Kutusu Saat/Tarih-Dil Yapılandırmalar","https://cengizyilmaz.net/exchange-serverda-posta-kutusu-saat-tarih-dil-yapilandirmalar/","7/28/2022 8:29:38 PM"
"Exchange Server Public Folder Migration","https://cengizyilmaz.net/exchange-server-public-folder-migration/","7/27/2022 7:15:32 PM"
"Best Practices for Active Directory","https://cengizyilmaz.net/best-practices-for-active-directory/","7/25/2022 5:20:45 PM"
"Hybrid Exchange&#8217;de Son Exchange Serveri Kaldırma","https://cengizyilmaz.net/hybrid-exchangede-son-exchange-serveri-kaldirma/","7/24/2022 5:10:02 PM"
"Microsoft 365&#8217;da Domain Whitelist Ekleme","https://cengizyilmaz.net/microsoft-365da-domain-whitelist-ekleme/","7/17/2022 4:41:12 PM"
"Azure AD Password Writeback Nasıl Etkinleştirilir","https://cengizyilmaz.net/azure-ad-password-writeback-nasil-etkinlestirilir/","7/16/2022 3:31:03 PM"
"Microsoft 365 Licensing Map","https://cengizyilmaz.net/microsoft-365-licensing-map/","7/15/2022 9:00:58 PM"
"AutoPatch Nedir?","https://cengizyilmaz.net/autopatch-nedir/","7/15/2022 8:55:23 PM"
"Exchange Server DKIM Kaydı Uygulanması","https://cengizyilmaz.net/exchange-server-dkim-kaydi-uygulanmasi/","7/15/2022 2:42:00 PM"
"Exchange Server 00000005: SecErr: DSID-03152612, problem 4003 (INSUFF_ACCESS_RIGHTS","https://cengizyilmaz.net/exchange-server-00000005-secerr-dsid-03152612-problem-4003-insuff_access_rights/","7/14/2022 8:48:00 PM"
"Teams Cache Temizleme","https://cengizyilmaz.net/teams-cache-temizleme/","7/10/2022 5:07:55 PM"
"Exchange Online, Online Archive Özelliği","https://cengizyilmaz.net/exchange-online-online-archive-ozelligi/","7/1/2022 2:04:11 PM"
"Exchange Server Health Check","https://cengizyilmaz.net/exchange-server-health-check/","6/27/2022 8:18:07 PM"
"Exchange Server WhiteSpace Nedir?","https://cengizyilmaz.net/exchange-server-whitespace-nedir/","6/21/2022 2:10:10 PM"
"Exchange Server ve Yol Haritası","https://cengizyilmaz.net/exchange-server-ve-yol-haritasi/","6/3/2022 7:05:48 PM"
"Azure Active Directory Entitlement Management","https://cengizyilmaz.net/azure-active-directory-entitlement-management/","6/3/2022 1:57:06 PM"
"SharePoint İzin Yapılandırılması","https://cengizyilmaz.net/sharepoint-izin-yapilandirilmasi/","6/1/2022 7:01:27 PM"
"Exchange Server Üzerinde E-Postalar Hangi Transport Rule Üzerinden İletildiğini Bulma","https://cengizyilmaz.net/exchange-server-uzerinde-e-postalar-hangi-transport-rule-uzerinden-iletildigini-bulma/","5/27/2022 6:06:42 PM"
"Exchange Server&#8217;da Office 2016/2019 Sürümlerinde Mailbox Kurulum Sorunu","https://cengizyilmaz.net/exchange-serverda-office-2016-2019-surumlerinde-mailbox-kurulum-sorunu/","5/27/2022 2:18:38 PM"
"Exchange Server Server Error in ‘/owa’ Application","https://cengizyilmaz.net/exchange-server-server-error-in-owa-application/","5/17/2022 5:50:33 PM"
"Azure AD Connect Kurulumu ve Yapılandırılması","https://cengizyilmaz.net/azure-ad-connect-kurulumu-ve-yapilandirilmasi/","5/16/2022 8:41:32 PM"
"Microsoft IdFix Nedir, Nasıl Kullanılır","https://cengizyilmaz.net/microsoft-idfix-nedir-nasil-kullanilir/","5/15/2022 7:50:35 PM"
"PowerShell ile Kullanıcı UPN Değiştirme","https://cengizyilmaz.net/powershell-ile-kullanici-upn-degistirme/","5/15/2022 7:19:02 PM"
"Exchange Server Client Access Rules EAC/RemotePowerShell Engelleme","https://cengizyilmaz.net/exchange-server-client-access-rules-eac-remotepowershell-engelleme/","5/13/2022 4:24:47 PM"
"One Outlook Block","https://cengizyilmaz.net/one-outlook-block/","5/11/2022 3:09:26 PM"
"Exchange Online Basic Authentication Kapanıyor","https://cengizyilmaz.net/exchange-online-basic-authentication-kapaniyor/","5/11/2022 3:00:32 PM"
"Exchange Server 2019 CU12 (Cumulative Update 12)","https://cengizyilmaz.net/exchange-server-2019-cu12-cumulative-update-12/","5/9/2022 1:14:06 PM"
"Exchange Server 2016 CU23 (Cumulative Update 23)","https://cengizyilmaz.net/exchange-server-2016-cu23-cumulative-update-23/","5/9/2022 12:52:47 PM"
"Exchange Server Unable to Add Database Copy","https://cengizyilmaz.net/exchange-server-unable-to-add-database-copy/","5/9/2022 12:40:36 PM"
"Exchange Server Kerberos Yapılandırılması","https://cengizyilmaz.net/exchange-server-kerberos-yapilandirilmasi/","5/8/2022 9:03:05 PM"
"GPO ile WSUS Yapılandırılması","https://cengizyilmaz.net/gpo-ile-wsus-yapilandirilmasi/","5/1/2022 1:55:11 PM"
"Relay Nedir? Exchange Server Relay Yapısı","https://cengizyilmaz.net/relay-nedir-exchange-server-relay-yapisi/","4/27/2022 1:56:04 PM"
"SPF Nedir (Sender Policy Framework)","https://cengizyilmaz.net/spf-nedir-sender-policy-framework/","4/19/2022 5:04:33 PM"
"“Can’t remove the domain ‘domain.com’ because it’s referenced in an email address policy by the proxy address template”","https://cengizyilmaz.net/exchange-server-cant-remove-the-domain-domain-com-because-its-referenced-in-an-email-address-policy-by-the-proxy-address-template/","4/12/2022 4:50:36 PM"
"This mailbox database is associated with one or more active mailbox export requests","https://cengizyilmaz.net/this-mailbox-database-is-associated-with-one-or-more-active-mailbox-export-requests/","4/10/2022 7:40:24 PM"
"This mailbox database contains one or more mailboxes, mailbox plans, archive mailboxes, public folder mailboxes or arbitration mailboxes","https://cengizyilmaz.net/exchange-server-this-mailbox-database-contains-one-or-more-mailboxes/","4/10/2022 7:16:14 PM"
"Exchange Server&#8217;da Mailbox Kotalarını Yüzde Olarak Artırma","https://cengizyilmaz.net/exchange-serverda-mailbox-kotalarini-yuzde-olarak-artirma/","3/27/2022 12:56:50 PM"
"WSL2 Üzerinde Docker Desktop Kurulumu","https://cengizyilmaz.net/wsl2-uzerinde-docker-desktop-kurulumu/","3/17/2022 10:39:49 PM"
"WSL2 Backup&amp;Restore Adımları","https://cengizyilmaz.net/wsl2-backuprestore-adimlari/","3/17/2022 10:05:38 PM"
"Hyper-V Export-Import İşlemi","https://cengizyilmaz.net/hyper-v-export-import-islemi/","3/16/2022 9:41:01 PM"
"Hyper-V Minikube Kurulumu","https://cengizyilmaz.net/hyper-v-minikube-kurulumu/","3/16/2022 9:17:23 PM"
"Winget Kurulumu ve Kullanımı","https://cengizyilmaz.net/winget-kurulumu-ve-kullanimi/","3/15/2022 8:01:58 PM"
"Exchange Server Event ID 7024, 1026, 9542 and 5000","https://cengizyilmaz.net/exchange-server-event-id-7024-1026-9542-and-5000/","3/12/2022 7:27:20 PM"
"Windows 10 Sistemlerin Windows 11 Yükseltmesini Engelleme","https://cengizyilmaz.net/windows-10-sistemlerin-windows-11-yukseltmesini-engelleme/","3/10/2022 7:14:46 PM"
"Windows Admin Center (WAC) Kurulumu","https://cengizyilmaz.net/windows-admin-center-wac-kurulumu/","3/10/2022 7:02:34 PM"
"Windows Server 2022 Active Directory Kurulumu","https://cengizyilmaz.net/windows-server-2022-active-directory-kurulumu/","3/6/2022 5:09:55 PM"
"Exchange Server Temel Komutlar","https://cengizyilmaz.net/exchange-server-temel-komutlar/","3/6/2022 2:34:14 PM"
"Windows Server Remote Access VPN Kurulum ve Yapılandırılması","https://cengizyilmaz.net/windows-server-remote-access-vpn-kurulum-ve-yapilandirilmasi/","3/5/2022 10:54:41 PM"
"Exchange Server GAL, ABP, OAB ile Adres Defteri Oluşturma","https://cengizyilmaz.net/exchange-server-gal-abp-oab-ile-adres-defteri-olusturma/","3/3/2022 4:06:56 PM"
"Windows Server WSUS Kurulumu","https://cengizyilmaz.net/windows-server-wsus-kurulumu/","2/28/2022 10:58:12 AM"
"Exchange Server 2019&#8217;da Neden 128GB Ram Gereksinimi Bulunuyor","https://cengizyilmaz.net/exchange-server-2019da-neden-128gb-ram-gereksinimi-bulunuyor/","2/26/2022 9:41:08 AM"
"Exchange Server WhiteSpace Kontrol Etme","https://cengizyilmaz.net/exchange-server-whitespace-kontrol-etme/","2/20/2022 9:29:40 AM"
"PowerShell Not digitally signed","https://cengizyilmaz.net/powershell-not-digitally-signed/","2/18/2022 8:02:59 PM"
"Active Directory Güvenlik Önerileri","https://cengizyilmaz.net/active-directory-guvenlik-onerileri/","2/10/2022 8:40:11 PM"
"Exchange Server Antimalware ID5800","https://cengizyilmaz.net/exchange-server-antimalware-id5800/","1/1/2022 8:58:09 PM"
"VMware SnapShot Nedir? VMware Snapshot Yönetimi","https://cengizyilmaz.net/vmware-snapshot-nedir-vmware-snapshot-yonetimi/","5/28/2021 8:51:05 PM"
"Windows SID Nedir?","https://cengizyilmaz.net/windows-sid-nedir/","5/6/2021 8:31:15 PM"
"WSL2 ile Ubuntu Kurulumu","https://cengizyilmaz.net/wsl2-ile-ubuntu-kurulumu/","4/11/2021 10:03:59 AM"
"Exchange Server HAFNIUM Check","https://cengizyilmaz.net/exchange-server-hafnium-check/","3/11/2021 1:18:08 PM"
"Additional Domain Controller Kurulumu","https://cengizyilmaz.net/additional-domain-controller-kurulumu/","2/9/2021 6:33:01 PM"
"Windows Deployment Services (WDS) Kurulumu ve Yapılandırma","https://cengizyilmaz.net/windows-deployment-services-wds-kurulumu-ve-yapilandirma/","2/9/2021 1:01:03 PM"
"Windows Server Core Active Directory Kurulumu","https://cengizyilmaz.net/windows-server-core-active-directory-kurulumu/","2/8/2021 10:32:42 PM"
"FSMO Rollerinin Taşınması ve Metadata Cleanup ile DC Kaldırılması","https://cengizyilmaz.net/fsmo-rollerinin-tasinmasi-ve-metadata-cleanup-ile-dc-kaldirilmasi/","11/20/2020 7:46:19 PM"
"Windows Server DHCP Server Failover Kurulumu","https://cengizyilmaz.net/windows-server-dhcp-server-failover-kurulumu/","11/17/2020 2:22:40 PM"
"Windows Server DHCP Server Kurulumu","https://cengizyilmaz.net/windows-server-dhcp-server-kurulumu/","11/16/2020 12:33:42 PM"
